OBJECTID,NAME,TYPE,LABEL,COG,SCHOOLD,CONGDIST,FIPS,REGION,ACRES,SQMI,MUNICODE,CNTL_ID,CNTYCOUNCIL,EOC,ASSESSORTERRITORY,VALUATIONAREA,YEARCONVERTED,GlobalID,SHAPE_Length,SHAPE_Area
1,CHESWICK,BOROUGH,Cheswick Borough,Allegheny Valley North,Allegheny Valley,4,13392,NH,350.19128417,0.54717391,815,003100,7,NEWCOM,East,Alle-Kiski Valley,1966,{F29648DC-0D4F-4E35-8F2D-7B465DCFF308},15780.076352106,15326024.0992573
4,EDGEWORTH,BOROUGH,Edgeworth Borough,Quaker Valley,Quaker Valley,20,22576,AA,1030.74377441,1.61053752,824,003170,1,Northwest Regional,North,Northwest,1974,{7E8BDBA9-9260-48E1-91F0-CB52295B551E},28613.7308767334,46554939.1944339
5,SEWICKLEY,BOROUGH,Sewickley Borough,Quaker Valley,Quaker Valley,20,69376,AA,718.30957031,1.12235879,851,003490,1,Northwest Regional,North,Northwest,1972,{1441BB31-E106-4064-AF15-F91865A3F9CD},42123.876502966,31819248.6978596
6,SEWICKLEY HEIGHTS,BOROUGH,Sewickley Heights Borough, ,Quaker Valley,14,69400,AA,4738.98974609,7.40467166,869,003500,2,Northwest Regional,North,Northwest,1976,{3CE63EFC-D770-42E5-B926-AA5B58A9ED7C},92658.8046093515,204090416.106609
8,HARMAR,TOWNSHIP,Harmar Township,Allegheny Valley North,Allegheny Valley,18,32624,NH,4060.85864257,6.34509229,915,003250,7,NEWCOM,East,Alle-Kiski Valley,1967,{47AC83A5-9584-40E1-83D9-5DBF7CACF798},62601.0754352411,176207373.013672
9,FOX CHAPEL,BOROUGH,Fox Chapel Borough,North Hills,Fox Chapel Area,18,27120,NH,5025.40039062,7.85218763,868,003215,3,NEWCOM,North,North,1961,{9CEC60FE-3B73-46DD-B87E-80C10336C321},90610.1446251302,219518186.399131
12,FRANKLIN PARK,BOROUGH,Franklin Park Borough,North Hills,North Allegheny,14,27552,NH,8670.26953125,13.54729652,884,003223,2,Northwest Regional,North,North,1988,{0036E079-D3E4-4438-B4BC-154C2D49D5DF},90331.9505015565,377617080.185791
13,BELL ACRES,BOROUGH,Bell Acres Borough,Quaker Valley,Quaker Valley,14,5216,AA,3385.00341796,5.28906726,883,003028,2, ,North,Northwest,1978,{14BB2BA1-43DB-4FAA-8606-C1836D8D03A0},66475.7065411938,149196765.302244
14,LEET,TOWNSHIP,Leet Township,Quaker Valley,Quaker Valley,14,42368,AA,1024.35229492,1.60055005,921,003302,1,Northwest Regional,North,Northwest,1974,{095FE692-50DB-4F0D-8E2E-66C529D734B6},29586.2732558481,41869455.8263575
15,LEETSDALE,BOROUGH,Leetsdale Borough,Quaker Valley,Quaker Valley,14,42392,AA,753.32281494,1.17706692,836,003305,1,Northwest Regional,North,Northwest,1974,{CB2B1592-B691-411C-A702-F6DB0518B2CD},28358.4961090995,33463441.4012102
16,SEWICKLEY HILLS,BOROUGH,Sewickley Hills Borough, ,Quaker Valley,14,69416,AA,1564.79345703,2.44498896,882,003505,2,Northwest Regional,North,Northwest,1976,{F590D4C3-3EE1-4118-933E-18C66AFF8FEF},63220.0363639258,68891000.5392978
17,OHIO,TOWNSHIP,Ohio Township,North Hills,Avonworth,14,56392,NH,4355.54785156,6.80554389,932,003410,2,Northwest Regional,North,Northwest,1976,{C47771DC-FB14-4830-A752-48D8C6F20EC7},62773.0599018118,191022140.121323
18,RICHLAND,TOWNSHIP,Richland Township,North Hills,Pine-Richland,4,64528,NH,9362.0078125,14.62813758,938,003465,2,NEWCOM,North,North,1989,{1508AD5C-78D5-426B-86CE-38F91251C541},81489.2338619258,407781566.251155
19,MCCANDLESS,TOWNSHIP,McCandless Township,North Hills,North Allegheny,14,45900,NH,10586.79785156,16.54187583,927,003320,2,Northwest Regional,North,North,1987,{52EC9087-0585-4D67-9108-A6D838A13EC1},86257.0389585823,462877541.473692
22,HAYSVILLE,BOROUGH,Haysville Borough,Quaker Valley,Quaker Valley,20,33312,AA,137.77037048,0.21526624,832,003260,4,Northwest Regional,North,Northwest,1971,{F56DCBED-98CA-4AF6-866B-5930666AF43A},14627.8286103062,6487115.87304309
25,FRAZER,TOWNSHIP,Frazer Township,Allegheny Valley North,Deer Lakes,4,27608,NH,5990.69384765,9.36045932,913,003225,3,NEWCOM,East,Alle-Kiski Valley,1980,{AA1CD14B-9E0E-4CDE-AB39-7666EDF54222},94099.1277632714,260326243.395812
26,FAWN,TOWNSHIP,Fawn Township,Allegheny Valley North,Highlands,4,25400,NH,8234.72949218,12.86676406,909,003195,3,NEWCOM,East,Alle-Kiski Valley,1980,{C2E59B0F-DBFE-4977-A64E-1CF4A7B35CDA},86049.4815112464,358945033.241943
27,HARRISON,TOWNSHIP,Harrison Township,Allegheny Valley North,Highlands,4,32832,NH,5015.97558593,7.83746242,916,003255,3,NEWCOM,East,Alle-Kiski Valley,1972,{A1997247-8CC0-4C49-A489-7C8F8D7B0DF9},74036.1246998389,218208384.294546
28,TARENTUM,BOROUGH,Tarentum Borough,Allegheny Valley North,Highlands,4,76104,NH,903.48876953,1.4117012,855,003555,3,NEWCOM,East,Alle-Kiski Valley,1969,{0E76751D-FEFC-495E-885A-BA6D57B20007},32750.6370748494,38551541.1173172
30,GLEN OSBORNE,BOROUGH,Glen Osborne Borough,Quaker Valley,Quaker Valley,20,29732,AA,358.95779418,0.56087154,846,003415,4,Northwest Regional,North,Northwest,1971,{9BA4C380-CA58-4B63-B666-ADB7604ACE9A},17280.8554972481,15727760.343084
31,EMSWORTH,BOROUGH,Emsworth Borough,Quaker Valley,Avonworth,14,23616,NH,434.30648803,0.67860388,826,003185,1,Northwest Regional,North,Northwest,1957,{9ECDC221-1DD3-40F4-B670-F6A33130BFD5},20647.3643015614,19280311.4934987
32,GLENFIELD,BOROUGH,Glenfield Borough,Quaker Valley,Quaker Valley,20,29592,AA,639.73962402,0.99959313,830,003235,4,Northwest Regional,North,Northwest,1971,{8EC80CBB-13BB-415B-A268-ECB08859198B},23953.0205241685,27737484.5179167
34,AVALON,BOROUGH,Avalon Borough,Quaker Valley,Northgate,14,3608,NH,437.83358764,0.68411499,802,003015,1,Northwest Regional,North,Northwest,1955,{2D297C51-54A6-4013-8328-9CDAC6743D57},17648.4395270431,19254452.4556587
35,MILLVALE,BOROUGH,Millvale Borough,North Hills,Shaler Area,18,49920,NH,441.88302612,0.6904422,838,003345,3,NEWCOM,North,North,1956,{F4572946-C0EB-4C4F-BC90-1EC711755465},30123.1155446737,18892672.1503807
37,NEVILLE,TOWNSHIP,Neville Township,Char-West,Cornell,14,53136,AA,1500.70092773,2.34484529,928,003375,4,Northwest Regional,West,West,1970,{E01EDC50-BEFA-498D-B0F6-5049F400400F},58656.8681242293,65392546.2581094
38,BEN AVON,BOROUGH,Ben Avon Borough,Quaker Valley,Avonworth,14,5504,NH,284.06405639,0.44385015,804,003035,1,Northwest Regional,North,Northwest,1956,{EA373915-8DEB-4AE1-AC5C-DC1093741B11},16319.1574622215,12788231.7012985
39,BEN AVON HEIGHTS,BOROUGH,Ben Avon Heights Borough, ,Avonworth,14,5520,NH,109.5397644,0.17115594,805,003040,1,Northwest Regional,North,Northwest,1956,{ED185FE5-3B0D-492F-8054-CA80F74DB277},11353.3814908269,4847923.56981345
41,RESERVE,TOWNSHIP,Reserve Township,North Hills,Shaler Area,18,64240,NH,1299.43811035,2.0303719,937,003460,3,NEWCOM,North,North,1959,{A9363CE6-0DC5-46C6-9907-D016A126F717},51557.1571710608,57486558.1701783
42,SHALER,TOWNSHIP,Shaler Township,North Hills,Shaler Area,18,69584,NH,7172.96484375,11.20775794,944,003510,3,NEWCOM,North,North,1965,{7476F99D-A034-4739-9980-7D4433758070},101230.373597151,-311088872.824665
54,WILKINSBURG,BOROUGH,Wilkinsburg Borough,Turtle Creek Valley,Wilkinsburg,18,85188,ES,1445.36950683,2.25839066,866,003640,10,East Regional,East,Mon Valley,1952,{3652B67D-2DAD-45DA-84AC-7BC166CF9C6B},45737.9027503021,62790276.3119997
64,PLUM,BOROUGH,Plum Borough,Turtle Creek Valley,Plum Borough,4,61536,ES,18545.42578125,28.97723388,880,003445,7,East Regional,East,East,1997,{775A637C-50BF-4CD7-BD36-45C8FE3791C8},148175.486830247,806225539.729314
65,BRADDOCK HILLS,BOROUGH,Braddock Hills Borough,Steel Rivers,Woodland Hills,18,8008,MV,603.87060546,0.94354778,872,003065,8,East Regional,East,Mon Valley,1953,{944E21E4-4F6B-45B3-BA2B-8D3103D8C95E},30427.3553771323,26637595.9469348
66,RANKIN,BOROUGH,Rankin Borough,Turtle Creek Valley,Woodland Hills,18,63408,MV,311.50842285,0.48673188,849,003455,8,East Regional,East,Mon Valley,1953,{296FAF34-2AF8-4572-9132-4347B47EBF2E},15122.5460643251,14106200.2053657
68,SWISSVALE,BOROUGH,Swissvale Borough,Turtle Creek Valley,Woodland Hills,18,75816,MV,53.42275238,0.08347304,854,003550,8,East Regional,East,Mon Valley,1953,{C47D76D0-882E-4CD4-BCF3-F1AC8ED6BAA5},38925.1229851377,35145955.5496103
69,EDGEWOOD,BOROUGH,Edgewood Borough,Turtle Creek Valley,Woodland Hills,14,22520,ES,418.75741577,0.65430843,823,003165,8,East Regional,East,Mon Valley,1952,{58962C34-7620-48B8-865C-75724959E148},19165.1936366526,16373231.4441137
76,WEST VIEW,BOROUGH,West View Borough,North Hills,North Hills,14,84144,NH,647.37426757,1.01152229,864,003615,1,Northwest Regional,North,North,1969,{6412CAF8-9A94-4011-86F5-23B755115E1B},29834.7413429103,28144791.1625172
77,CHURCHILL,BOROUGH,Churchill Borough,Turtle Creek Valley,Woodland Hills,18,13608,ES,1398.2277832,2.18473124,816,003105,8,East Regional,East,Mon Valley,1953,{9E3C5AD7-5746-4CF2-B58E-B41D2FCF311F},47731.3834734057,60959053.0648752
82,CHALFANT,BOROUGH,Chalfant Borough,Turtle Creek Valley,Woodland Hills,18,12496,ES,104.56433105,0.16338172,814,003095,8,East Regional,East,Mon Valley,1954,{DCEB0961-E9A4-4E3A-A462-0225C43B7AC4},8568.05205852062,4363843.04474694
91,ROSS,TOWNSHIP,Ross Township,North Hills,North Hills,14,66264,NH,9257.41992187,14.46471881,940,003475,1,NEWCOM,North,North,1970,{43F37FE1-25BB-49BC-B9FF-BD49F15E4707},127155.086149339,403400289.227845
92,BRACKENRIDGE,BOROUGH,Brackenridge Borough,Allegheny Valley North,Highlands,4,7976,NH,357.32000732,0.55831247,807,003055,3,NEWCOM,East,Alle-Kiski Valley,1970,{1D833932-20B6-4B84-BFEC-2E789AA0A50B},17020.6113506819,15765193.3778391
93,SPRINGDALE,TOWNSHIP,Springdale Township,Allegheny Valley North,Allegheny Valley,18,72968,NH,1553.41369628,2.42720937,948,003540,3,NEWCOM,East,Alle-Kiski Valley,1968,{C7EB1A7C-C812-40F3-AD75-A4ED0103F96F},38498.6972758111,66467447.4073633
106,HEIDELBERG,BOROUGH,Heidelberg Borough,South Hills Area,Chartiers Valley,18,33592,SH,175.08248901,0.27356639,833,003265,4,Southwest Regional,West,West,1962,{23F74B50-608D-43EB-8E53-B45513AF0A11},11325.576032357,8017193.35274216
107,ETNA,BOROUGH,Etna Borough,North Hills,Shaler Area,18,24160,NH,505.64865112,0.79007607,827,003190,3,NEWCOM,North,North,1955,{FF43DB02-1A93-4CF1-93BE-D0B9A92A75B8},29563.373325217,22343456.3543823
108,VERONA,BOROUGH,Verona Borough,Allegheny Valley North,Riverview,18,80032,ES,378.81277465,0.59189498,859,003580,7,East Regional,East,North,1982,{BB233A18-21A8-48E0-9B83-A99D6EECE106},21006.8282581957,16613246.629641
109,PENNSBURY VILLAGE,BOROUGH,Pennsbury Village Borough, ,Montour,14,59152,AA,37.13928985,0.05803013,871,003422,4,Southwest Regional,West,West,1977,{9715398C-BB83-4699-9D15-B67F2A3AC7AB},5731.38507187783,2062195.43758371
111,CLAIRTON,CITY,Clairton,Steel Rivers,Clairton City,18,13704,MV,1933.00305175,3.02031707,200,003110,6,Mon-Valley,South,Mon Valley,1966,{E6608539-0E20-42C4-9CA9-868634F2758D},50668.791376911,-83424341.2087417
117,SPRINGDALE,BOROUGH,Springdale Borough,Allegheny Valley North,Allegheny Valley,18,72960,NH,698.27392578,1.091053,853,003540,7,NEWCOM,East,Alle-Kiski Valley,1967,{7AAA94CA-3DED-4978-BE51-3A4FEEA34619},23968.4036724926,30502560.6917031
119,OAKMONT,BOROUGH,Oakmont Borough,Allegheny Valley North,Riverview,18,56088,ES,1120.93444824,1.75145936,845,003400,7,East Regional,East,North,1983,{14C92119-D260-4CBC-A877-045692C6E8F0},33406.3605655142,49418543.5208343
120,BLAWNOX,BOROUGH,Blawnox Borough,Allegheny Valley North,Fox Chapel Area,18,7000,NH,277.07885742,0.43293577,806,003050,3,NEWCOM,North,North,1960,{D895EFE2-9EBD-45AD-AD3F-A39048D120D9},15147.1153028994,12281204.5823187
122,PLEASANT HILLS,BOROUGH,Pleasant Hills Borough,South Hills Area,West Jefferson Hills,18,61328,SH,1792.18835449,2.80029368,873,003440,6,South Hills Regional,South,Mon Valley,1965,{1D241E31-B03C-47EE-BE51-8F79925801C1},41763.687859745,77240529.6167813
130,SHARPSBURG,BOROUGH,Sharpsburg Borough,North Hills,Fox Chapel Area,18,69776,NH,414.5090332,0.64767032,852,003515,3,NEWCOM,North,North,1954,{B2DB32D9-DB00-4C91-A0E3-2EBB998FB537},24275.4424886221,17724018.6870774
4132,WILKINS,TOWNSHIP,Wilkins Township,Turtle Creek Valley,Woodland Hills,18,85184,ES,1671.22631835,2.61129069,953,003635,7,East Regional,East,Mon Valley,1959,{EAF2A691-EB4D-4041-9FF5-10FDC351E771},62336.6298962865,76458202.1247992
4133,TURTLE CREEK,BOROUGH,Turtle Creek Borough,Turtle Creek Valley,Woodland Hills,18,77912,MV,644.89764404,1.00765252,858,003570,8,East Regional,East,Mon Valley,1959,{1A5FBB4C-12FF-44C4-85C2-8BA08AD75252},30093.5614376766,27133285.3420793
4134,BRADDOCK,BOROUGH,Braddock Borough,Turtle Creek Valley,Woodland Hills,18,7992,MV,414.30889892,0.64735764,808,003060,8,East Regional,East,Mon Valley,1953,{3872BA96-3F08-45FC-A3E7-BAA4F22BDCA7},18760.9999167926,18264805.5281665
4135,EAST PITTSBURGH,BOROUGH,East Pittsburgh Borough,Turtle Creek Valley,Woodland Hills,18,21712,MV,250.96156311,0.39212751,822,003160,8,East Regional,East,Mon Valley,1954,{7DF6C127-D0C5-4C0D-8910-9E713839960C},15640.5485338326,10789039.0766506
4136,NORTH BRADDOCK,BOROUGH,North Braddock Borough,Turtle Creek Valley,Woodland Hills,18,54816,MV,977.49279785,1.52733254,843,003380,8,East Regional,East,Mon Valley,1954,{F472E16E-E3C3-496D-B144-F836B20FCF32},35549.6798247014,43458002.4959535
4138,WILMERDING,BOROUGH,Wilmerding Borough,Turtle Creek Valley,East Allegheny,18,85496,MV,281.61080932,0.44001686,867,003645,8,East Regional,East,Mon Valley,1972,{F6917C59-3C45-4529-9900-271214D6CF8C},19427.0842033712,11966765.3177798
4151,WALL,BOROUGH,Wall Borough,Turtle Creek Valley,East Allegheny,18,80600,ES,240.45600891,0.37571251,861,003590,8,East Regional,East,Mon Valley,1971,{9A9CDC74-31BA-443E-BF0D-1E9B37FC4795},23907.2057408649,12428214.4422292
4152,VERSAILLES,BOROUGH,Versailles Borough,Steel Rivers,McKeesport Area,18,80040,MV,345.72399902,0.54019373,860,003585,9,Mon-Valley,South,Mon Valley,1975,{CBF9A6B7-857C-4808-BD97-0C147A4A7AB8},17323.5984656466,15155103.3786194
5337,DRAVOSBURG,BOROUGH,Dravosburg Borough,Steel Rivers,McKeesport Area,18,19856,MV,685.87915039,1.07168626,820,003140,9,Mon-Valley,South,Mon Valley,1964,{2015CABD-1C4F-40CB-8501-BC2DD491C49C},25207.7003632337,29561155.5418953
5344,MCKEESPORT,CITY,McKeesport,Steel Rivers,McKeesport Area,18,46256,MV,3468.84692382,5.4200735,400,003330,9,Mon-Valley,South,Mon Valley,1973,{854A0310-19C4-461D-A6B5-612B47367FC4},73553.2418243208,-151721371.340944
5356,PORT VUE,BOROUGH,Port Vue Borough,Steel Rivers,South Allegheny,18,62320,MV,748.59301757,1.16967654,848,003450,9,Mon-Valley,South,Mon Valley,1974,{5CFF2331-42BD-4BD5-A57A-F6D74AC0F739},23202.5013982158,32488535.5743251
5367,GLASSPORT,BOROUGH,Glassport Borough,Steel Rivers,South Allegheny,18,29432,MV,1148.58312988,1.79466092,829,003230,9,Mon-Valley,South,Mon Valley,1974,{B5A8AD29-2016-4AA9-B1E0-8E5C780D6521},33304.7909787949,49827250.0622134
5373,DUQUESNE,CITY,Duquesne,Steel Rivers,Duquesne City,18,20432,MV,1315.8885498,2.05607652,300,003145,9,Mon-Valley,South,Mon Valley,1963,{81C2196E-427F-49E5-B1D4-D9FAD837B9EC},33262.9138180281,56149182.9211094
5736,LIBERTY,BOROUGH,Liberty Borough,Steel Rivers,South Allegheny,18,43064,MV,943.39855957,1.47406029,837,003310,9,Mon-Valley,South,Mon Valley,1977,{FE592E52-219D-46F1-9221-0B4DAE603A46},36098.6167073999,40987343.152759
6153,LINCOLN,BOROUGH,Lincoln Borough,Steel Rivers,South Allegheny,18,43408,MV,3289.41967773,5.13971853,881,003315,9,Mon-Valley,South,Mon Valley,1977,{4639BF1B-229B-4271-AD5B-D100075B515C},64698.2408286929,139775221.223573
6942,ELIZABETH,TOWNSHIP,Elizabeth Township,South Hills Area,Elizabeth Forward,18,23000,MV,14758.37402343,23.05995368,908,003180,9,Mon-Valley,South,Mon Valley,1981,{3E063B53-3C78-4DE5-B241-A4FA36D7E42C},151414.707913373,645205266.809279
6959,ELIZABETH,BOROUGH,Elizabeth Borough,Steel Rivers,Elizabeth Forward,18,22992,MV,251.57983398,0.39309343,825,003180,9,Mon-Valley,South,Mon Valley,1980,{543A93AA-4E57-4DFD-AE95-38D1E2B3F4F6},17701.7931454841,11616505.6909742
6983,WEST ELIZABETH,BOROUGH,West Elizabeth Borough,Steel Rivers,West Jefferson Hills,18,82848,MV,146.38269042,0.22872297,862,003600,9,Mon-Valley,South,Mon Valley,1964,{11F628CF-AF36-4290-A69B-6D2CE9BA5133},13736.2095252055,6823386.5691648
7372,SOUTH PARK,TOWNSHIP,South Park Township,South Hills Area,South Park,20,6064,SH,7491.74658203,11.70585441,945,003045,5,South Hills Regional,South,South,1962,{0C8E0AF1-E6D5-4E60-8390-621671FBF39C},72784.4317011929,260282036.432481
9365,WEST MIFFLIN,BOROUGH,West Mifflin Borough,South Hills Area,West Mifflin Area,18,83512,MV,1510.90808105,2.36079382,870,003370,9,Mon-Valley,South,Mon Valley,1964,{F4C42407-4E39-486B-B3D5-F65FFFDFEB4E},140005.627786615,-404299397.075724
9400,MOUNT OLIVER,BOROUGH,Mount Oliver Borough,South Hills Area,City of Pittsburgh,14,51744,PGH,215.67382812,0.33699032,839,003365,0,City of Pittsburgh,City,Pittsburgh,1950,{0CE53D0A-2C0E-4BEA-B562-9F01E89FB1E5},13569.5665190313,9459339.20897971
9428,WHITAKER,BOROUGH,Whitaker Borough,Steel Rivers,West Mifflin Area,18,84440,MV,211.78500366,0.33091405,865,003620,8,Mon-Valley,South,Mon Valley,1955,{39EC5992-EED1-4A0B-84DE-5054E3646202},16936.7895488593,9115152.03692428
10241,HOMESTEAD,BOROUGH,Homestead Borough,Steel Rivers,Steel Valley,14,35424,MV,417.5508728,0.65242326,834,003270,11,Mon-Valley,South,Mon Valley,1954,{5DE92C20-A2E7-42E5-B788-F08EA7A653EC},23141.158631064,17876247.4349997
10640,MUNHALL,BOROUGH,Munhall Borough,Steel Rivers,Steel Valley,18,52320,MV,1510.90808105,2.36079382,840,003370,11,Mon-Valley,South,Mon Valley,1955,{A37E6729-B290-450C-BADD-66873E71431D},56621.8169356227,-65838615.7479216
10659,WEST HOMESTEAD,BOROUGH,West Homestead Borough,Steel Rivers,Steel Valley,18,83200,MV,643.7578125,1.00587153,863,003605,11,Mon-Valley,South,Mon Valley,1954,{DB5F4536-7F87-4C7A-BDD4-A8C07516C457},37019.875353605,28231412.8362284
11467,GREEN TREE,BOROUGH,Green Tree Borough,Char-West,Keystone Oaks,14,31256,SH,1328.24096679,2.07537651,831,003240,12,Southwest Regional,South,South,1956,{B973BCB4-F77C-42AA-972B-72EFD5E72D33},35846.3584839058,57843255.6117376
11861,DORMONT,BOROUGH,Dormont Borough,South Hills Area,Keystone Oaks,18,19576,SH,490.77185058,0.76683109,819,003135,12,South Hills Regional,South,South,1953,{E4DCA2C5-3ACE-4208-9C4C-357B10C894AB},23640.115521471,21191562.8832898
11882,BALDWIN,TOWNSHIP,Baldwin Township,South Hills Area,Baldwin-Whitehall,18,3932,SH,315.47595214,0.49293124,902,003020,6,South Hills Regional,South,South,1959,{E1C03870-63BA-4FB3-A242-C3004EF6C59E},29629.2798224776,14113227.4939756
12691,BRENTWOOD,BOROUGH,Brentwood Borough,South Hills Area,Brentwood Borough,18,8416,SH,944.37341308,1.47558343,810,003075,6,South Hills Regional,South,South,1956,{3A5C3C99-1AF3-4A22-82DC-2C06A754F914},30221.1680828201,40389154.5352097
13439,BALDWIN,BOROUGH,Baldwin Borough,South Hills Area,Baldwin-Whitehall,18,3928,SH,3730.4074707,5.8287611,877,003020,6,South Hills Regional,South,South,1960,{31AF7280-38D9-4FA7-BCC2-AFA786EB1598},140146.112080981,163813456.387703
13848,WHITEHALL,BOROUGH,Whitehall Borough,South Hills Area,Baldwin-Whitehall,18,84512,SH,2110.15917968,3.29712343,874,003625,6,South Hills Regional,South,South,1957,{D35D0B16-93D5-4B50-B594-C91640658AC1},64705.3125304555,92667606.3968819
13871,MOUNT LEBANON,TOWNSHIP,Mount Lebanon Township,South Hills Area,Mt. Lebanon,18,51696,SH,3891.8540039,6.08102178,926,003360,5,South Hills Regional,South,South,1963,{54EFC8A3-442F-4A11-9F01-7EEC585A33FD},85835.110696282,169512735.315863
13872,CASTLE SHANNON,BOROUGH,Castle Shannon Borough,South Hills Area,Keystone Oaks,18,11680,SH,1027.09692382,1.60483908,813,003090,6,South Hills Regional,South,South,1958,{D8A872AF-C402-40F9-AF3E-2466FBA45A5C},45949.0338974418,44482879.0577863
13877,KENNEDY,TOWNSHIP,Kennedy Township,Char-West,Montour,14,39312,AA,3535.63427734,5.52442789,919,003290,4,Southwest Regional,West,West,1975,{94F3EF4F-6BE3-41BB-B30B-4FCA1378A5B9},59233.108350559,154081902.26897
14248,BRIDGEVILLE,BOROUGH,Bridgeville Borough,Char-West,Chartiers Valley,20,8624,SH,693.3338623,1.0833342,811,003080,4,Southwest Regional,West,West,1965,{66268719-5F68-4006-84CB-264D855C3E9C},30385.467631044,30723692.3418618
14256,UPPER ST. CLAIR,MUNICIPALI,Upper St. Clair Municipality,South Hills Area,Upper St. Clair Area,20,79274,SH,6255.60693359,9.7743864,950,003575,5,South Hills Regional,South,South,1966,{AC96902E-6174-4981-8EFC-DA28B5457CCB},88076.4232798705,273504438.683011
14282,INGRAM,BOROUGH,Ingram Borough,Char-West,Montour,14,37000,AA,279.21697998,0.43627655,835,003280,12,Southwest Regional,West,West,1953,{1ACBCB2A-DF9C-411D-8FB5-2DC33A099B56},17781.8756060288,12098871.5509143
14291,STOWE,TOWNSHIP,Stowe Township,Char-West,Sto-Rox,14,74648,AA,1464.63146972,2.288486,949,003545,4,Southwest Regional,West,West,1974,{8395EE0C-10B7-4627-AEF7-998E9EE71639},43847.3317372682,-64026947.965
14306,MCKEES ROCKS,BOROUGH,McKees Rocks Borough,Char-West,Sto-Rox,14,46264,AA,717.44970703,1.12101519,842,003335,4,Southwest Regional,West,West,1953,{940A8C2B-8AEE-481C-B29F-597BB2366E4E},29287.9334715155,-31224107.7283463
14642,THORNBURG,BOROUGH,Thornburg Borough,Char-West,Montour,14,76560,AA,276.66604614,0.43229061,856,003560,4,Southwest Regional,West,West,1954,{F63F45F2-C748-4422-8EA5-2514EC172BA3},15221.0310686955,12208667.0649558
14645,CRAFTON,BOROUGH,Crafton Borough,Char-West,Carlynton,14,16848,AA,734.24633789,1.14725983,818,003125,4,Southwest Regional,West,West,1954,{D6E94D87-A500-4EC9-9FAB-E6E9110589A4},30867.401127252,31780584.136202
14655,ROSSLYN FARMS,BOROUGH,Rosslyn Farms Borough,Char-West,Carlynton,14,66320,AA,353.49093627,0.55232954,850,003480,4,Southwest Regional,West,West,1955,{C9844CAC-E013-4BA9-A623-5A80BEAEF3B3},23934.6238619611,15499640.0024098
14661,SCOTT,TOWNSHIP,Scott Township,South Hills Area,Chartiers Valley,18,68388,SH,2484.29443359,3.88170933,941,003485,4,Southwest Regional,West,West,1961,{B9C1F160-AE1F-45CA-AC27-B1D180B047D4},92000.2466304779,108499615.554683
14664,CARNEGIE,BOROUGH,Carnegie Borough,Char-West,Carlynton,18,11336,SH,1040.5480957,1.62585628,812,003085,4,Southwest Regional,West,West,1958,{52AC39C1-DDAA-4E94-979A-D624B24C0ACE},31985.1181855465,45199658.9647969
14678,CRESCENT,TOWNSHIP,Crescent Township,Char-West,Moon Area,20,17048,AA,1511.14416503,2.36116242,906,003130,1,Northwest Regional,West,West,1978,{9F8166A1-9D75-4868-BEBA-1574A8CD86DD},37099.4683905776,63387219.8986597
14692,MOON,TOWNSHIP,Moon Township,South Hills Area,Moon Area,20,50784,AA,15352.37011718,23.98807907,925,003355,1,Northwest Regional,West,West,1979,{6C4C3849-406D-468D-B7E5-FF537826B0A2},140979.223883492,673998421.876205
14694,CORAOPOLIS,BOROUGH,Coraopolis Borough,Char-West,Cornell,20,16144,AA,946.46716308,1.47885501,817,003120,1,Northwest Regional,West,West,1979,{88A19229-C6D1-40CC-A3FF-FB74D994A760},28328.9411845838,40822279.094166
14697,ROBINSON,TOWNSHIP,Robinson Township,South Hills Area,Montour,14,65352,AA,9622.30078125,15.03484535,939,003470,4,Northwest Regional,West,West,1977,{B88B62AD-7BD5-432B-B477-492B700C7EFC},146471.603261378,427053096.201439
15516,MCDONALD,BOROUGH,McDonald Borough, ,Fort Cherry,20,46072,AA,121.22844696,0.18941937,841,003325,5,Southwest Regional,West,West,2007,{B3ABDB2D-C811-447B-9F24-C0F88DAB24DF},14254.8487545123,5384304.29557382
15520,SOUTH FAYETTE,TOWNSHIP,South Fayette Township,South Hills Area,South Fayete Township,20,72160,AA,13000.65722656,20.31353187,946,003525,5,Southwest Regional,West,West,2007,{683371B8-88BF-4487-8FB7-24AB3A998DF0},122719.181730253,565935686.73317
15581,NORTH FAYETTE,TOWNSHIP,North Fayette Township,Char-West,West Allegheny,20,55016,AA,16090.4140625,25.14126586,929,003385,4,Southwest Regional,West,West,2007,{021EA3B6-5179-444F-B204-C1B9A8E36AD1},135910.492462912,702318752.474311
17073,FORWARD,TOWNSHIP,Forward Township,Steel Rivers,Elizabeth Forward,18,26896,MV,12703.65527343,19.84946823,911,003210,9,Mon-Valley,South,Mon Valley,1990,{2004C3D4-EE05-4594-9579-086A6915E6B6},104989.763793515,554146338.358714
17476,SOUTH VERSAILLES,TOWNSHIP,South Versailles Township,Steel Rivers,McKeesport Area,18,72568,MV,633.78521728,0.99028939,947,003530,9,Mon-Valley,South,Mon Valley,1975,{99488CF4-5FAF-43B3-90AD-3865C5E8791F},29117.8509422138,27238741.3992363
18278,WHITE OAK,BOROUGH,White Oak Borough,Steel Rivers,McKeesport Area,18,84704,MV,4233.85595703,6.61539983,875,003630,9,Mon-Valley,South,Mon Valley,1975,{B378A25E-3176-4033-8510-FFB0C367F8AC},64577.0548263082,-185914885.623703
18673,NORTH VERSAILLES,TOWNSHIP,North Versailles Township,Turtle Creek Valley,East Allegheny,18,55488,MV,5342.85693359,8.34821414,930,003390,8,East Regional,East,Mon Valley,1972,{6D67CB8D-B590-4179-A731-4E9B1A99E39B},118303.659088173,227942359.064195
19482,BRADFORD WOODS,BOROUGH,Bradford Woods Borough,North Hills,North Allegheny,4,8064,NH,589.59259033,0.92123842,809,003070,2,NEWCOM,North,North,2007,{99972DBE-FDB3-4DDD-B8B8-0D2D92EF5B7E},26900.5261328729,24844844.3628446
21872,ALEPPO,TOWNSHIP,Aleppo Township,Quaker Valley,Quaker Valley,14,724,AA,1124.58923339,1.75717031,901,003005,1,Northwest Regional,North,Northwest,1974,{549BD1A0-64CC-4110-9E98-7FD73ED9373E},43972.6371145038,49448776.1063053
22273,COLLIER,TOWNSHIP,Collier Township,Char-West,Chartiers Valley,14,15216,AA,8943.53320312,13.97426986,905,003115,4,Southwest Regional,West,West,2007,{AA624D33-E8DF-4CEF-93F8-8194697FACC1},89692.9237689197,380825331.146104
24280,HAMPTON,TOWNSHIP,Hampton Township,North Hills,Hampton Township,14,32328,NH,10367.59960937,16.19937515,914,003245,2,NEWCOM,North,North,1986,{EEF460BA-3707-44AB-A94C-563BC0DA8247},87000.1574977716,451725265.363141
25480,PITCAIRN,BOROUGH,Pitcairn Borough,Turtle Creek Valley,Gateway,18,60712,ES,309.70388793,0.48391234,847,003430,8,East Regional,East,East,1982,{FE367532-0A4B-48AC-BEB3-3131BB396E97},30421.9019465047,14086072.7279308
26689,INDIANA,TOWNSHIP,Indiana Township,North Hills,Fox Chapel Area,18,36808,NH,11256.24023437,17.58787536,917,003275,3,NEWCOM,North,North,1986,{41ADB597-00F4-43B8-9CC5-1282E518EF25},128231.747224049,-489826883.45854
29481,O'HARA,TOWNSHIP,O Hara Township,North Hills,Fox Chapel Area,18,56384,NH,2247.91699218,3.51237034,931,003405,3,NEWCOM,North,North,1960,{41770961-A728-41E6-82B9-8EE24EDED590},129907.739616786,205329366.809892
29482,ASPINWALL,BOROUGH,Aspinwall Borough,Allegheny Valley North,Fox Chapel Area,18,3320,NH,245.54315185,0.38366124,801,003010,3,NEWCOM,North,North,1954,{0FD56362-2325-440F-B763-4155993A0FEB},16694.8510861764,10803581.4928539
30282,WEST DEER,TOWNSHIP,West Deer Township,North Hills,Deer Lakes,4,82800,NH,18471.13476562,28.8611412,952,003595,2,NEWCOM,East,Alle-Kiski Valley,1988,{3E651835-375A-40DF-B0C2-59F3B75D9174},114100.391343574,806700938.139439
31086,BELLEVUE,BOROUGH,Bellevue Borough,Quaker Valley,Northgate,14,5312,NH,706.68798828,1.1042,803,003030,1,Northwest Regional,North,Northwest,1955,{9B0A557A-F0DE-42D3-A041-DA5263183956},25854.9471929697,31335659.4698235
31497,BETHEL PARK,MUNICIPALI,Bethel Park Municipality,South Hills Area,Bethel Park,20,6064,SH,7491.74658203,11.70585441,876,003045,5,South Hills Regional,South,South,1962,{0F876147-366A-4A1D-A786-8AA8312BD071},75062.7947336292,326240031.484614
31503,TRAFFORD,BOROUGH,Trafford Borough, ,Penn-Trafford,18,77272,MV,93.27004241,0.14573444,857,003565,8,East Regional,East,East,1999,{98716D9E-576B-42FE-99F0-EA6440CF0D4F},25792.5134923464,-7818516.62314499
31505,KILBUCK,TOWNSHIP,Kilbuck Township,Quaker Valley,Avonworth,14,39624,NH,1696.04296875,2.65006709,920,003295,1,Northwest Regional,North,Northwest,1971,{220B6ED1-35DB-40E1-97F6-C5F1B9533985},62364.8611692987,72171123.2487123
31510,EAST MCKEESPORT,BOROUGH,East McKeesport Borough,Turtle Creek Valley,East Allegheny,18,21444,MV,242.55856323,0.3789978,821,003155,8,East Regional,East,Mon Valley,1971,{2A7329DD-A15E-4E7E-A7E2-D215E8B5B5AB},18453.2045150612,11510250.5586996
35908,PENN HILLS,MUNICIPALI,Penn Hills Municipality,Turtle Creek Valley,Penn Hills,18,59032,ES,12455.72851562,19.46207809,934,003420,7,East Regional,East,East,1984,{E4ED7404-D1EA-41A3-9E17-070FDAE0C8F0},119872.740621061,540032714.346964
36708,FOREST HILLS,BOROUGH,Forest Hills Borough,Turtle Creek Valley,Woodland Hills,18,26592,ES,990.75531005,1.54805517,828,003205,8,East Regional,East,Mon Valley,1953,{0AC0ECF3-E435-44A9-B3E8-9E2A57827230},35813.7862465664,43627999.7066428
38309,MONROEVILLE,MUNICIPALI,Monroeville Municipality,Turtle Creek Valley,Gateway,18,50528,ES,12622.49804687,19.72265625,879,003350,8,East Regional,East,East,1985,{B88B4927-9899-4A9F-9FD4-98C5936C655D},154196.382983417,549728498.090896
38711,OAKDALE,BOROUGH,Oakdale Borough,Char-West,West Allegheny,20,55840,AA,285.33847045,0.4458414,844,003395,4,Southwest Regional,West,West,2007,{4BDB3D66-3821-4AAF-914C-398CBC4A89E3},19733.0986385183,13081632.1892612
39513,JEFFERSON HILLS,BOROUGH,Jefferson Hills Borough,South Hills Area,West Jefferson Hills,18,37955,SH,10813.69140625,16.89639091,878,003285,6,South Hills Regional,South,Mon Valley,1968,{4C433945-5F3A-4CD3-ACAA-DA2FBF22FF87},129215.75993787,-466856012.499657
40310,MARSHALL,TOWNSHIP,Marshall Township,North Hills,North Allegheny,4,47696,NH,9874.30371093,15.42860031,923,003340,2,NEWCOM,North,North,2007,{4D5403F6-046A-49BF-BC10-D9010BFB7F41},105462.317597901,430424832.631388
41527,EAST DEER,TOWNSHIP,East Deer Township,Allegheny Valley North,Deer Lakes,4,21024,NH,1613.70178222,2.52140927,907,003150,3,NEWCOM,East,Alle-Kiski Valley,1968,{F45FC136-88EF-45BE-B81D-1FEB02BB43CD},44682.1809920617,68927322.5596856
42329,PINE,TOWNSHIP,Pine Township,North Hills,Pine-Richland,4,60272,NH,10785.910156,16.852983,935,003425,2,NEWCOM,North,North,2007,{3F1307B7-1854-4B1E-A963-6DCB8F5363FB},86866.6091725254,473051070.751447
43531,FINDLAY,TOWNSHIP,Findlay Township,South Hills Area,West Allegheny,20,25904,AA,20697.90429687,32.34046936,910,003200,4,Northwest Regional,West,West,2007,{0A3E017B-106C-4C84-BF07-A21026692602},145289.044593529,899354319.33721
43932,PITTSBURGH,CITY,Pittsburgh, ,City of Pittsburgh,14,61000,PGH,,,100,003435,13,City of Pittsburgh,City,City,1948,{2C77DD9D-5DA5-46AF-BD2A-AD76BE60B6E9},407522.013906144,1626547683.98673
